Country Name,2011,2012,2013,2014,2015,2016,2017,2018,2019,2020
Aruba,25712.3843,25119.66554,25813.57673,26129.83906,27458.22533,27441.52966,28440.05196,30082.12764,31096.20507,22855.93232
Africa Eastern and Southern,1735.584923,1702.9691,1673.221102,1656.167709,1479.61526,1329.807285,1520.212231,1538.901679,1493.817938,1344.10321
Afghanistan,606.6946763,651.4171345,637.0870991,625.0549418,565.5697304,522.0822156,525.4697709,491.3372214,496.6025043,510.7870634
Africa Western and Central,1844.198595,1941.369556,2131.662067,2221.010665,1860.727694,1630.039447,1574.23056,1720.14028,1798.340685,1680.039332
Angola,4615.910598,5086.027401,5057.747878,5005.999741,3213.902611,1807.952941,2437.259712,2538.591391,2189.855714,1449.922867
Albania,4465.709143,4222.347099,4420.23462,4602.230514,3981.726623,4168.375445,4614.047969,5365.488802,5460.430509,5370.7775
Andorra,46657.15612,41500.54358,42470.31612,44369.65969,38654.93472,40129.8192,40672.99433,42819.77458,41257.80458,37361.09007
United Arab Emirates,50789.05054,52034.47625,52023.5171,51381.40699,43534.99727,41326.40182,42340.59172,45689.857,44251.45414,37173.87541
Argentina,12704.28318,12949.71749,12963.67577,12233.14441,13679.6265,12699.96231,14532.50093,11752.79989,9955.974787,8535.59938
Armenia,3349.553098,3511.563997,3680.166922,3852.118006,3512.393503,3524.424769,3869.053739,4196.005623,4597.228874,4268.680933
American Samoa,10383.45933,11745.48992,11813.5022,12026.33449,12727.41027,12843.33429,11863.68395,12552.05469,12886.13595,14489.25866
Antigua and Barbuda,14911.72751,15639.80781,15051.51136,15532.10621,16077.63408,16556.85518,16965.72883,18273.42707,18896.37218,15369.60823
Australia,62605.60046,68072.87323,68190.701,62544.08738,56739.02653,49888.04108,53901.71454,57196.42208,54972.70179,51791.54018
Austria,51116.89535,48250.40591,50305.35458,51314.97226,43915.22802,45061.49939,47163.74258,51194.07498,49885.99474,48716.40989
Azerbaijan,7189.818692,7495.865277,7875.345367,7890.840281,5500.503646,3880.685228,4147.198142,4739.794312,4805.753718,4229.910649
Burundi,230.0705774,231.6884964,234.8430454,250.5404811,280.9668313,235.2862054,236.6944726,224.8993924,210.2364945,210.0081399
Belgium,47760.82988,44874.17092,46964.59468,47995.7787,40893.80454,41854.54983,44035.32394,47487.21004,46716.62275,45906.28758
Benin,1059.413589,1071.525837,1168.926993,1204.399187,1002.418869,1010.533896,1054.974081,1151.74097,1130.821353,1200.194266
Burkina Faso,725.0247677,731.4701389,759.7620652,764.8616751,630.1247508,663.7423648,709.0915359,777.4656185,764.8530778,825.2370388
Bangladesh,837.3369447,859.6805364,958.2629898,1094.461997,1224.386477,1649.283809,1811.082217,1965.243727,2129.79897,2248.850788
Bulgaria,7849.580613,7431.957895,7795.980921,8069.600057,7268.654455,7822.499233,8696.689304,9872.385078,10372.80443,10769.94757
Bahrain,25032.78677,26438.67332,26989.76011,26451.79656,23734.05511,23800.00144,24784.76935,26324.40665,27259.74386,24342.84446
"Bahamas, The",27090.83768,28552.02427,27642.74198,29137.21756,30719.40542,30616.53632,31875.48817,32642.33532,33640.33699,26178.75376
Bosnia and Herzegovina,4982.693758,4693.788991,5034.56616,5206.065583,4662.258837,4928.566525,5345.019855,6047.845843,6122.375345,6130.311332
Belarus,6527.659343,6953.215917,7998.080205,8341.318093,5967.055951,5039.775609,5785.544919,6360.037502,6837.773396,6542.8558
Belize,5582.221706,5709.689188,5950.202999,6128.142885,6154.495935,6142.498732,6072.582676,6031.281396,6190.047923,5227.193638
Bermuda,99049.01699,100213.4934,101704.4075,100961.5766,104855.3668,108747.3561,112339.4256,113204.8221,115798.0408,106976.5462
Bolivia,2315.521219,2575.598571,2870.02377,3041.435032,2996.012898,3035.873477,3306.303012,3500.726422,3503.896011,3099.942191
Brazil,13396.62436,12521.72135,12458.89121,12274.99397,8936.196617,8836.286527,10080.50928,9300.661649,9029.833267,7074.193783
Barbados,19345.99531,19034.0708,19308.00911,19277.94236,18954.29137,19065.80698,19692.76067,20055.91587,20583.72658,18347.11091
Brunei Darussalam,46382.82745,46968.59711,44003.06443,41026.50839,30625.12873,26663.29732,28024.38246,30988.11905,30426.57303,26834.35925
Bhutan,2787.979676,2751.212886,2679.952172,2849.499986,2954.040819,3152.309051,3435.288047,3400.204172,3576.879871,3191.66907
Botswana,7287.382953,6595.53845,6666.912196,7122.364234,6141.203947,6749.059943,7104.964011,7407.959401,7172.089565,6323.297498
Central African Republic,534.0572815,544.3958491,364.3669626,409.850486,366.3228539,387.1762034,432.3240257,455.2439629,449.2284676,462.8790713
Canada,52223.85884,52670.34473,52638.11872,50960.84312,43594.1941,42314.06158,45129.62812,46539.17616,46352.86934,43537.8393
Central Europe and the Baltics,13997.44147,13104.10361,13712.73365,14208.45952,12596.94751,12874.74069,14339.85806,16245.19386,16551.84889,16595.93527
Switzerland,90476.75897,85836.20768,87304.33058,88724.99107,83806.4476,82153.07454,82254.37705,85217.36915,84121.93103,85897.78433
Channel Islands,60419.23216,58813.93648,59304.85085,64700.74239,61852.07356,55950.14829,55806.57089,60783.35293,60568.10835,56785.9402
Chile,14487.39278,15241.907,15683.54864,14529.67672,13433.9203,13649.85205,14879.90862,15659.48087,14495.71672,13114.81547
China,5703.76028,6405.057424,7147.035186,7781.065975,8175.332851,8254.868593,8979.676527,10085.66381,10342.90095,10627.4638
Cote d'Ivoire,1596.628266,1546.946018,1786.15862,1991.365394,1814.718551,1862.595971,1964.299303,2130.866194,2141.768362,2179.729348
Cameroon,1513.96057,1449.098744,1575.928821,1649.443391,1415.000097,1441.720173,1496.089518,1610.696416,1555.226605,1555.603707
"Congo, Dem. Rep.",364.7141918,400.0599018,431.1915282,458.0045418,467.9145805,442.3104721,436.5845347,528.2560198,557.0441613,507.5212301
"Congo, Rep.",3396.165058,3732.327373,3697.417059,3601.236581,2439.351894,2093.107286,2211.633099,2694.434132,2488.424667,1993.586672
Colombia,7400.99407,8108.598382,8279.102556,8187.208249,6248.514905,5959.842504,6479.532313,6816.968183,6472.545449,5339.687114
Comoros,1531.439693,1490.314257,1603.326535,1615.717185,1329.370481,1365.484034,1423.924802,1540.711323,1519.263863,1527.169909
Cabo Verde,4002.013869,3736.81517,3960.975968,3985.607065,3415.062667,3608.966052,3893.095714,4294.9651,4380.781173,3539.226612
Costa Rica,9276.391075,10126.9991,10803.2402,10911.49788,11714.7106,12091.03016,12317.09028,12590.24938,12884.686,12394.0494
Cuba,6104.461052,6470.836734,6828.364282,7146.704591,7727.919972,8110.55874,8610.608295,8911.46206,9232.261159,9605.261251
Curacao,19426.32638,19809.82232,19721.29216,19623.02999,19361.813,18944.09615,18938.24405,19119.12439,19220.68658,16356.09333
Cayman Islands,75280.96076,75101.59136,75113.73324,75845.30604,76379.20951,77802.25416,80053.94445,83865.55316,88254.29037,82338.79829
Cyprus,32485.79688,28991.93555,27797.45703,27244.35156,23487.22852,24715.1543,26696.99023,29599.98633,29703.05273,28649.01563
Czechia,22049.10808,20014.0354,20260.4955,20038.41632,17931.59877,18753.96867,20913.19763,23705.93298,24062.719,23472.89155
Germany,47646.58204,44735.58823,47220.01021,48971.08247,41911.01099,42961.03569,45526.59996,48874.8595,47623.86561,47379.76519
Djibouti,1306.345528,1400.193579,2075.944984,2214.620841,2376.125547,2510.430008,2618.955211,2718.083388,2837.169023,2844.888106
Dominica,7705.407172,7528.51002,7822.217972,8131.748761,8282.598747,8802.56172,8224.648966,9215.308541,9491.14996,7827.748427
Denmark,61809.7379,58443.77471,61377.59406,62520.45097,53094.01336,54500.92604,57521.5515,61324.7665,59404.26632,60985.48856
Dominican Republic,5826.510141,6013.81965,6136.594293,6496.45167,6800.953094,7160.44201,7412.715716,7882.982216,8183.016236,7135.222733
Algeria,5916.313644,6033.648847,5979.60139,6094.693923,4685.059027,4424.98529,4554.66754,4577.210292,4468.453419,3743.541952
East Asia & Pacific,8929.666845,9479.323443,9522.667498,9759.275634,9657.528896,9928.671499,10526.67717,11394.4809,11578.27483,11595.29409
Europe & Central Asia,26221.78566,25146.01978,26177.10964,26444.79301,22676.94946,22496.77585,23780.61679,25362.67581,24975.41664,24121.4791
Ecuador,5153.691642,5634.083932,6109.290315,6405.799793,5976.159681,5917.637713,6233.322448,6303.918867,6205.057652,5463.645153
"Egypt, Arab Rep.",2590.643849,2996.067707,3025.525636,3133.391023,3306.981594,3270.628777,2395.103333,2484.703156,2962.98892,3511.11381
Spain,31824.62191,28456.44382,29228.84656,29707.76551,25982.44162,26755.60611,28381.34256,30602.42129,29786.52457,27233.94265
Estonia,17555.54552,17568.2138,19310.38749,20581.7899,17722.15577,18666.37365,20851.52235,23618.13613,24021.25014,23933.99394
Ethiopia,343.0249424,452.1010319,484.0398331,549.9865771,621.8456738,696.1960848,745.6324339,747.9680037,828.7090805,905.3131593
Finland,51060.32426,47551.67408,49691.01452,50073.77608,42560.34568,43451.25624,46085.01747,49654.2497,48358.18078,48828.68469
Fiji,4139.602886,4341.403387,4572.443775,5293.356767,5097.531069,5363.790267,5826.848145,6085.419795,5950.828669,4844.421272
France,43929.78409,40863.58144,42669.17951,43148.04593,36702.43237,37024.21571,38687.16264,41418.17665,40408.28486,39169.8606
Faroe Islands,51618.99078,50261.96163,55758.20837,60172.06325,52635.03755,56875.28038,59387.35309,62526.49085,63067.06957,62240.82241
"Micronesia, Fed. Sts.",2890.50493,3033.169895,2933.883334,2945.41496,2911.16211,2979.601192,3279.10779,3566.586904,3572.659183,3362.027931
Gabon,10219.11393,9296.965879,9197.701063,9201.362766,7047.126546,6677.070039,6921.733731,7624.277523,7441.178647,6605.803461
United Kingdom,42109.64188,42490.14655,43419.03526,47426.62098,44983.88552,40988.10442,40629.23403,43315.48745,42794.00226,40404.80622
Georgia,4119.668183,4530.695334,4712.002294,4830.334862,4086.622347,4143.401257,4418.752065,4804.054604,4741.283272,4300.857013
Ghana,1507.435732,1543.775242,2294.795847,1949.908329,1722.772828,1912.479913,2012.286626,2195.32166,2186.658227,2195.454817
Guinea,636.6949587,699.3533772,748.4550208,765.1469994,747.3569668,711.9965098,833.5986217,933.2736156,1031.341465,1053.660977
"Gambia, The",710.6084115,692.5793616,653.8627133,568.0045356,619.5363643,650.0565013,642.5226413,696.219807,738.186752,720.3351434
Guinea-Bissau,719.5395735,635.4616533,654.3045344,652.022501,645.0668372,679.6653866,783.1231866,808.5316132,807.4255249,836.2673142
Equatorial Guinea,17198.21367,17308.57239,16304.07132,15548.66247,9068.910032,7453.197979,7809.104657,8102.470848,6804.149231,5764.055029
Greece,25504.78665,21624.34605,21573.34498,21474.72571,17980.72982,17919.24264,18631.99301,19873.40152,19335.3602,17886.73317
Grenada,6947.381361,7092.719854,7424.802123,7986.334212,8694.12438,9221.234611,9751.426612,10083.02128,10462.79292,8968.558901
Greenland,47186.876,45936.95628,47535.48838,50485.22441,44536.35497,48181.74535,50765.74947,54545.13586,53309.20359,54812.66618
Guatemala,3168.983706,3286.619593,3444.159713,3689.144718,3893.505221,4060.13755,4324.996082,4352.946518,4511.997552,4477.617618
Guam,29926.20524,31653.75065,32530.75931,33900.14865,35165.70146,35930.65949,36779.00789,37195.95031,39274.94314,36482.9364
Guyana,4947.221706,5444.397519,5556.912312,5472.688205,5640.415606,5870.878238,6178.665044,6048.386972,6405.824434,6775.709391
"Hong Kong SAR, China",35142.48793,36730.7962,38403.77771,40315.37395,42432.16197,43734.19807,46160.42979,48537.56689,48359.0012,46109.22999
Honduras,2073.661211,2126.034747,2081.128435,2179.88172,2271.20266,2307.344684,2413.007656,2464.642415,2502.327443,2307.614943
Croatia,14694.99932,13508.6837,14136.39677,14187.96945,12285.30326,12821.17381,13902.63105,15460.41833,15563.81674,14808.46202
Haiti,1312.039536,1361.393966,1457.832212,1460.188986,1411.126847,1318.402682,1395.239452,1496.38049,1352.172042,1290.325387
Hungary,14211.46056,12950.15945,13739.46202,14352.50188,12782.94126,13215.86053,14736.16682,16605.05705,17012.85986,16386.93088
Indonesia,3579.464425,3632.27254,3566.602845,3441.068085,3288.222697,3521.469435,3798.883262,3860.953531,4106.948562,3853.702888
Isle of Man,77808.85796,79329.20343,83207.65884,91885.45287,84753.51874,82025.94545,83481.30385,89393.82442,87127.5518,79513.53303
India,1445.461275,1429.321995,1432.843975,1553.883961,1583.998159,1707.508929,1950.104683,1966.254552,2041.428637,1907.042516
Ireland,52692.78131,49411.73875,52619.21237,57278.25909,64311.82347,64192.94181,72198.1077,80738.96288,81810.19265,86622.50673
"Iran, Islamic Rep.",8025.687434,8114.080998,6222.741948,5672.063729,4952.733555,5477.037124,5753.115447,4631.78709,3831.278948,2988.781224
Iraq,5775.542291,6477.596185,6650.352822,6249.39227,4440.141893,4334.420964,4759.284644,5646.689321,5671.856863,4295.189451
Iceland,47714.59223,45995.54788,49804.983,54576.74481,52951.68151,61987.92636,72010.14903,74452.18907,68452.23622,59023.56635
Israel,34522.5216,33321.43009,37034.31611,38343.30466,36213.10415,37671.53891,41138.47096,42362.66528,44250.63136,44575.5719
Italy,38432.37428,34854.39494,35701.6746,36028.3494,30639.88298,31391.56929,32844.11566,34904.10819,33812.78872,32091.48666
Jamaica,5232.636449,5340.833332,5124.213014,4975.113255,5062.89555,5009.794487,5259.313328,5578.103475,5607.242993,4879.440258
Jordan,3946.855039,4169.504701,4311.219167,4191.180501,4042.756781,3986.71677,4065.616287,4145.439897,4170.1144,4022.040136
Japan,48760.07895,49145.28043,40898.6479,38475.39525,34960.63938,39375.47316,38834.05293,39751.1331,40415.95676,40028.73417
Kazakhstan,11287.14649,12018.79665,13478.45963,12427.70946,10196.12263,7475.566887,8943.084168,9472.485273,9457.126147,8781.507978
Kenya,1096.144998,1285.005362,1370.878852,1482.815663,1489.119598,1554.126103,1667.484472,1836.452755,1960.408089,1927.66459
Kyrgyz Republic,1117.401744,1168.622447,1269.663035,1264.526688,1105.651938,1103.274894,1221.390468,1283.520304,1421.999275,1229.517666
Cambodia,1088.981528,1192.80263,1305.660097,1431.563965,1547.320104,1675.195557,1826.353917,2036.673776,2225.877055,2081.739142
Kiribati,1771.129268,1843.553363,1772.087183,1736.705357,1639.852747,1742.667993,1853.051227,1912.738094,1750.997719,1751.78232
St. Kitts and Nevis,17832.45729,17532.0559,18580.13019,20219.39542,20328.80035,21387.54155,22464.98996,22901.38164,23595.49232,18859.01904
"Korea, Rep.",25097.59543,25459.1689,27179.51701,29252.93124,28737.43917,29280.44032,31600.73587,33447.15628,31902.4169,31721.29891
Kuwait,49169.6064,52155.22255,49651.04397,44368.78137,29882.21269,27323.68906,29047.65358,32067.96237,31707.87375,25236.07555
Lao PDR,1361.547044,1563.565077,1812.517744,1981.039109,2121.013391,2303.22156,2432.430595,2545.107542,2589.32081,2583.777307
Lebanon,7834.962571,8406.984056,8162.379294,7577.64133,7714.11,8089.012088,8608.21085,9174.536662,8905.880055,5561.19167
Liberia,568.0878655,638.3687515,710.7445709,706.7144901,692.5900824,714.6130631,699.2690957,692.2031271,658.1641808,616.787867
Libya,7593.839153,14975.89028,11951.71341,8926.420746,7458.489178,7525.802993,9965.832367,11196.58548,9963.194891,6650.338106
St. Lucia,9128.99442,9260.300066,9577.217338,10044.82184,10334.98608,10638.12694,11333.11238,11642.69847,11794.05972,8411.074749
Liechtenstein,158066.3694,148842.0351,172823.6078,178735.153,167187.1573,165375.4914,170547.0923,174988.7751,166907.8393,164671.0936
Sri Lanka,3224.957363,3327.776124,3740.615893,3971.919131,4057.715835,4149.191908,4398.888281,4358.560959,4081.947727,3847.601377
Lesotho,1280.733909,1217.930712,1151.037358,1173.537793,1121.198513,992.4918407,1069.366732,1170.655697,1082.057068,918.5825774
Lithuania,14261.84338,14288.18535,15636.52526,16446.16472,14269.80399,14934.27028,16800.15102,19247.23154,19608.79439,20428.64782
Luxembourg,119025.0572,112584.6763,120000.1407,123678.7021,105462.0126,106899.2935,110193.2138,116926.7596,112696.6491,116860.0282
Latvia,12902.57405,13329.34999,14484.47153,15185.81458,13321.97531,13838.52668,15132.49583,17252.17104,17294.97516,17564.23215
"Macao SAR, China",67041.28231,76051.63123,87069.767,88310.81196,70070.2918,69074.0363,77704.92153,83761.81718,81967.69917,36976.25611
Morocco,3301.98877,3164.177246,3379.743164,3435.406982,3146.247803,3140.855469,3296.526611,3501.697998,3508.097656,3268.030273
Monaco,179363.9842,165444.6514,184940.6638,195693.5707,170437.1012,173604.7536,170663.3752,188298.3157,193746.7856,176891.8865
Moldova,2941.362241,3044.808432,3321.043978,3289.957586,2749.551371,2847.087948,3453.267277,4156.44982,4405.334182,4375.778893
Madagascar,506.1636916,493.5111629,515.3015894,505.6849225,445.3200695,453.9707145,491.8668487,500.4571855,499.8188376,450.7716152
Maldives,7424.520411,7461.297037,8236.081779,8939.074166,9644.90655,9947.807447,10509.62881,11423.28384,11740.2724,7393.888654
Mexico,10664.4944,10744.13352,11216.80085,11391.37735,10021.23861,9097.923977,9649.278168,10084.79376,10369.55536,8841.270751
Marshall Islands,3319.398154,3514.265155,3677.906908,3735.239778,3764.344262,4229.809889,4592.834576,4858.120791,5292.339855,5661.967873
North Macedonia,5416.866729,5049.826539,5626.261157,5925.385922,5262.686719,5598.486226,5955.297386,6713.989254,6718.858266,6659.596511
Mali,941.5749447,878.2171753,903.1904525,940.24326,838.1198694,872.4685872,924.0575317,996.3792921,971.9493186,953.2429433
Malta,23516.96913,22878.31313,25415.55668,27424.57654,25529.68131,26459.07721,30317.24434,33382.26775,32421.91798,31833.59638
Myanmar,1213.628987,1202.665896,1199.095616,1293.000423,1166.733055,1229.197135,1272.822418,1298.213103,1425.989542,1490.216835
Montenegro,7325.646892,6577.740332,7172.929085,7364.965901,6491.192806,6999.135813,7758.36922,8790.881521,8842.485287,7612.628459
Mongolia,3736.042015,4328.890019,4340.143105,4126.239758,3838.92127,3619.900264,3645.967087,4107.642885,4347.546103,4001.251931
Northern Mariana Islands,13598.71661,14013.60033,14632.85189,15945.41761,17665.10075,24225.47417,31225.605,26509.36284,24496.66521,18220.83824
Mozambique,618.1764929,685.6857482,686.5056725,697.1426804,610.5637747,441.4897348,470.9385631,517.5072603,519.0925509,462.4338765
Mauritania,1931.199755,1859.117332,1934.241031,1713.008653,1554.948979,1565.765757,1615.004013,1722.935289,1767.072711,1795.764596
Mauritius,9197.042991,9291.236276,9764.644131,10366.35508,9507.871337,9965.725311,10841.68478,11643.4606,11403.25279,9011.042884
Malawi,763.0610004,558.4620883,496.9473683,529.513344,539.6053632,450.5061055,495.7696834,533.2031737,580.8898161,602.5074782
Malaysia,10217.10686,10600.57442,10713.64076,11013.31073,9648.679794,9476.534098,9862.548066,10901.802,10920.19176,9957.526267
Namibia,5834.791768,5942.64681,5346.621311,5378.323262,4774.106509,4395.687762,5143.960723,5308.608134,4731.921032,3878.58983
New Caledonia,38835.94019,35559.5672,36671.15668,37816.95586,30858.72371,30782.85444,32354.71028,34902.89688,33411.33588,33270.3306
Niger,510.7595618,528.5101045,552.1033344,565.3098973,485.6625742,502.7064754,521.80413,578.5680357,561.6913043,579.5124958
Nigeria,2418.41317,2633.197347,2872.790834,3088.721313,2585.733607,2070.412734,1876.340271,2057.879446,2265.155209,2019.657063
Nicaragua,1679.711921,1784.69836,1835.439964,1958.370476,2074.456206,2131.687048,2182.61381,2035.165494,1958.620515,1938.447048
Netherlands,54701.7728,50473.9442,52602.28605,53457.22349,45793.81354,46808.52915,49513.68173,53955.077,53554.90075,53467.92774
Norway,101221.8135,102175.9193,103553.8401,97666.69518,74809.9658,70867.361,76131.8384,82792.84271,76430.58895,68340.0181
Nepal,785.5186562,788.2029371,803.2695954,821.4552249,875.5436355,877.2564547,1034.283749,1179.198432,1203.142947,1154.215176
Nauru,6480.904513,9817.368722,8974.518869,9193.097844,7703.431499,8724.307003,9613.412091,11408.69476,10776.82846,10695.69933
New Zealand,38431.77668,40053.69915,43000.46468,44618.26697,38665.3723,40113.71954,42950.38417,43257.07692,42779.22982,41850.92033
Oman,25188.00742,24642.29788,23458.02338,23160.65023,18808.30779,17110.18975,17820.06618,19901.76156,19180.18642,16784.86306
Pakistan,1131.735138,1204.364755,1225.434012,1266.613408,1380.470208,1424.691612,1519.234595,1569.338146,1390.41691,1278.397352
Panama,9662.295922,11064.80636,12273.3225,13213.19896,14082.65485,14832.36116,15694.62975,16151.32735,16477.90663,13290.56083
Peru,5861.357936,6519.37853,6746.800257,6667.134104,6231.711503,6217.036,6736.166937,6978.491215,7037.008037,6133.325524
Philippines,2383.918925,2614.616444,2781.279577,2866.838038,2909.85818,2985.19564,3038.12125,3168.510366,3400.789498,3227.579102
Palau,11000.87952,12145.36448,12768.90866,13726.02314,15690.75971,16762.57234,16034.13429,16197.72651,15841.19564,14556.58723
Papua New Guinea,2288.375911,2635.087363,2560.77459,2723.175298,2484.59634,2316.394798,2477.76531,2566.368337,2575.772741,2429.611346
Poland,13867.66694,13087.42094,13621.90238,14262.28419,12637.52203,12464.0121,13913.34152,15658.21059,15874.52205,16150.9291
Puerto Rico (US),27170.07665,27742.02448,28212.04997,28576.0988,29242.04147,29978.08893,30328.48711,30679.91819,31830.5285,31427.11308
Portugal,23246.54254,20593.42742,21676.48596,22120.68501,19215.7813,19980.28089,21442.38428,23541.14011,23343.3629,22299.40441
Paraguay,5805.401545,5642.169917,6435.683427,6652.254789,5879.337923,5775.159634,6152.267115,6258.449916,5821.181995,5365.472207
West Bank and Gaza,2880.798437,3067.438727,3315.297539,3352.112595,3272.154324,3527.613824,3620.360487,3562.330943,3656.858271,3233.568638
French Polynesia,22831.51853,20846.54575,21955.63293,22258.63214,19166.95948,19690.07757,20826.93125,21925.61604,21582.5892,19966.48385
Qatar,103261.5065,108470.3788,103697.0084,95840.63101,68985.2947,61253.63755,63279.85569,71039.84906,66841.30135,51683.50544
Romania,9560.675528,8929.953662,9497.674116,10031.77108,8977.017482,9404.540059,10727.9822,12502.26241,12992.03261,13082.30066
Russian Federation,14305.33203,15401.85156,15941.44824,14055.47266,9277.713867,8663.158203,10658.91309,11211.8877,11447.70117,10108.32715
Rwanda,651.133678,706.8172687,704.924218,724.9575261,733.9986304,729.519134,758.3009667,771.7735111,810.0514121,778.7014988
Saudi Arabia,27126.74987,28733.43755,27865.4656,27805.48503,23256.15496,22267.72171,23929.29071,29360.0659,29566.79338,24338.83073
Sudan,1332.657227,1019.222107,1138.627808,1275.438354,1292.379639,1033.215942,966.5056763,731.0274658,709.9752808,577.7952271
Senegal,1374.675919,1326.837988,1379.831966,1398.891376,1218.006136,1266.439572,1356.805184,1452.556126,1431.181289,1461.087204
Singapore,53891.45703,55547.55531,56967.42579,57564.80231,55645.60686,57005.58872,61236.25127,66881.6067,65952.0379,61410.07926
Solomon Islands,1924.052773,2066.253523,2161.395736,2164.944239,2045.478895,2082.62989,2143.574652,2278.206339,2223.665026,2063.331015
Sierra Leone,761.1463656,937.5044282,1117.471831,1117.758647,964.5759809,844.4164112,779.1860078,845.9145405,844.0495552,845.9829143
El Salvador,3330.600495,3497.912569,3582.26694,3666.012489,3790.340891,3901.34015,4020.126714,4183.54621,4320.116715,3997.192796
San Marino,55601.39297,47945.89917,50807.82891,51260.49383,43146.82404,44359.47977,45192.02798,47950.68806,46627.01224,44426.64634
"Somalia, Fed. Rep.",235.3259456,350.2619467,393.398704,429.4316567,445.5830801,460.9284906,510.9399523,509.5258019,539.8939316,518.1847785
Serbia,7082.286167,6263.040861,7040.418121,6886.678091,5820.321558,5982.370301,6548.036538,7559.861657,7755.632986,8098.709557
Sao Tome and Principe,1219.801891,1210.792647,1382.575784,1489.676334,1298.109466,1434.870181,1555.794778,1825.599718,1935.293182,2167.220018
Suriname,7949.888672,8851.240507,9043.192815,9108.189054,8813.617054,5644.206106,6049.521286,6665.741805,6629.667752,4755.392217
Slovak Republic,18469.43543,17516.96911,18312.78051,18770.92899,16442.07609,16636.07691,17645.52987,19573.3717,19406.05897,19735.48583
Slovenia,24940.62848,22442.14179,23236.96553,24013.06821,20697.27485,21447.83778,23303.07771,25888.04811,25814.16872,25392.06511
Sweden,60379.77482,57749.82513,60844.27671,59583.714,51197.95293,51820.39725,53300.85873,54181.90698,51773.04646,52653.75659
Eswatini,4312.342434,4347.995693,3951.120081,3771.907965,3420.753571,3239.807075,3853.991479,3973.463449,3913.12644,3454.784217
Sint Maarten (Dutch part),27317.51789,28149.09979,28529.73247,37134.91242,37839.62838,37308.61478,34701.30585,31708.31101,34861.46953,30150.89984
Seychelles,12110.09375,12337.15547,14821.29215,15188.19022,15333.10517,16566.9946,17480.36519,18440.23405,19141.51187,14041.47541
Syrian Arab Republic,2952.143494,1897.66115,985.8926692,1060.591059,847.7316319,656.3490586,851.5020053,1098.066864,1109.53926,572.3552898
Turks and Caicos Islands,23626.72632,22633.95275,22412.20694,24014.26534,25736.10163,26946.41785,25614.83727,31625.61659,31780.52171,20690.91605
Chad,1308.142187,1354.343447,1304.88743,1278.789814,993.9907306,861.8317676,854.4612004,948.6566299,893.3364416,866.9478149
Togo,783.9893805,762.3920476,826.5432595,855.5852849,751.0524051,772.5817871,792.7654872,851.1308069,826.2606541,853.5782203
Thailand,5373.623283,5725.528028,6018.082447,5801.197892,5688.853354,5833.577156,6413.091825,7099.776501,7605.696578,6985.643939
Tajikistan,833.6019782,952.4528197,1028.197043,1081.544029,956.9163109,788.7104817,829.4571476,834.2884046,871.0223729,834.3117155
Turkmenistan,5143.619293,6053.874847,6599.645291,7164.145362,5759.497904,5686.98041,5828.481662,6125.051697,6648.034896,6592.60146
Timor-Leste,939.0452411,1022.619032,1204.568415,1224.749578,1319.592974,1335.543901,1266.17768,1219.465997,1562.364581,1630.869385
Tonga,3849.993758,4384.170587,4219.246701,4136.590109,4123.903472,3987.986188,4365.929298,4638.897854,4676.848025,4700.449405
Trinidad and Tobago,19151.08702,20332.13895,21304.97765,21908.30178,19887.23374,17449.16235,17578.64178,17575.80428,17293.47301,15358.8613
Tunisia,4420.647722,4297.267825,4369.793458,4458.978955,4014.947737,3847.803544,3619.032473,3628.103665,3528.872133,3548.653637
Turkiye,11300.78522,11713.28498,12578.18786,12165.22014,11049.99511,10970.04589,10695.5502,9568.835063,9215.440499,8638.739038
Tuvalu,3636.0814,3598.461631,3510.216401,3528.858581,3357.834177,3808.69755,4165.663387,4466.120349,5115.13076,4976.112541
Tanzania,775.3927612,861.9699097,963.0571289,1022.748413,939.1273193,953.0107422,986.6740112,1023.106262,1063.32251,1117.415283
Uganda,835.6200606,795.2228676,818.2854274,896.0547955,862.9346104,752.6965717,765.2183323,792.1657002,822.1711501,845.7664639
Ukraine,3656.697998,3951.342285,4129.896973,3054.908203,2094.473877,2158.461182,2604.287598,3059.051758,3619.861572,3709.769287
Uruguay,15132.26757,16259.59408,18335.25948,18322.42768,17125.90168,17009.75842,19184.65026,19249.94047,18315.7317,15757.5356
United States,50024.88123,51708.39406,53297.38629,55153.39402,56849.46979,57976.6282,60047.71907,62875.66614,65227.95659,64401.50744
Uzbekistan,2087.863861,2307.346491,2461.979474,2674.962838,2803.19018,2753.379514,2190.604116,1813.085308,2041.384807,1978.280519
St. Vincent and the Grenadines,6527.689969,6713.807686,7072.467372,7168.828753,7353.735561,7656.900429,7988.04445,8428.126772,8740.594252,8351.20324
Virgin Islands (U.S.),38997.13732,37795.31926,34597.97669,33045.36438,34007.35294,35324.97489,35365.0693,36663.20876,38633.52989,39787.37417
Viet Nam,1950.925042,2185.117677,2359.517365,2546.384645,2577.568853,2735.060438,2956.109921,3222.310031,3440.900254,3534.039535
Vanuatu,3163.186165,3004.784167,2979.796081,2973.090265,2854.894123,2956.126448,3159.860558,3206.657487,3207.446505,3042.987116
Samoa,3821.506783,3934.603208,4023.525401,3982.680802,4084.360838,4147.070977,4307.59382,4231.814095,4351.942349,4099.660091
Kosovo,3538.947598,3410.655507,3704.558728,3902.494244,3520.628507,3759.449591,4009.317993,4384.186241,4415.997161,4310.890655
South Africa,8646.055711,8076.976785,7331.654674,6856.731371,6112.273825,5651.205852,6618.335083,6914.178032,6533.71121,5580.603831
Zambia,1624.868178,1710.050613,1820.718548,1707.485731,1295.877887,1239.085279,1483.465773,1463.899979,1258.986198,951.6443167
Zimbabwe,1037.246137,1238.594795,1362.299529,1372.214746,1386.418559,1407.420964,3448.086991,2271.852504,1683.913136,1730.45391
